horas_estudo,nota
3.75,50.9
9.51,93.0
7.32,79.0
5.99,65.3
1.56,49.5
1.56,42.5
0.58,27.8
8.66,89.6
6.01,64.2
7.08,80.0
0.21,37.1
9.7,88.9
8.32,88.9
2.12,45.9
1.82,45.9
1.83,51.4
3.04,48.5
5.25,60.3
4.32,53.6
2.91,44.9
6.12,69.4
1.39,40.8
2.92,50.4
3.66,57.9
4.56,59.7
7.85,88.3
2.0,41.7
5.14,77.0
5.92,71.6
0.46,28.7
6.08,64.1
1.71,43.5
0.65,33.1
9.49,95.2
9.66,95.1
8.08,82.2
3.05,45.6
0.98,28.8
6.84,72.2
4.4,62.9
1.22,39.0
4.95,56.0
0.34,33.1
9.09,91.0
2.59,42.4
6.63,73.8
3.12,50.6
5.2,58.1
5.47,67.3
1.85,44.8
9.7,98.4
7.75,85.7
9.39,84.2
8.95,83.5
5.98,71.4
9.22,92.5
0.88,38.3
1.96,62.0
0.45,35.8
3.25,56.8
3.89,60.0
2.71,50.9
8.29,82.3
3.57,57.0
2.81,44.4
5.43,64.1
1.41,36.7
8.02,82.6
0.75,46.4
9.87,84.8
7.72,83.6
1.99,34.9
0.06,28.0
8.15,88.4
7.07,76.3
7.29,72.0
7.71,76.6
0.74,38.2
3.58,49.6
1.16,38.6
8.63,86.3
6.23,67.3
3.31,62.2
0.64,37.3
3.11,40.1
3.25,52.1
7.3,74.1
6.38,75.7
8.87,83.7
4.72,60.1
1.2,40.3
7.13,80.7
7.61,73.4
5.61,64.8
7.71,77.7
4.94,58.8
5.23,72.8
4.28,59.8
0.25,25.3
1.08,41.6
0.31,42.7
6.36,76.5
3.14,42.8
5.09,60.6
9.08,95.3
2.49,42.7
4.1,58.9
7.56,83.0
2.29,40.2
0.77,34.7
2.9,32.6
1.61,35.4
9.3,89.2
8.08,76.3
6.33,79.3
8.71,79.5
8.04,80.0
1.87,42.8
8.93,95.2
5.39,57.9
8.07,88.3
8.96,88.3
3.18,45.8
1.1,39.5
2.28,45.8
4.27,54.8
8.18,83.5
8.61,84.0
0.07,31.0
5.11,66.5
4.17,65.1
2.22,38.2
1.2,48.5
3.38,42.2
9.43,90.5
3.23,53.9
5.19,65.1
7.03,72.6
3.64,52.6
9.72,90.7
9.62,89.6
2.52,50.6
4.97,64.1
3.01,46.1
2.85,53.0
0.37,33.9
6.1,73.7
5.03,65.8
0.51,29.2
2.79,45.3
9.08,92.8
2.4,48.6
1.45,39.3
4.89,62.4
9.86,100.0
2.42,42.8
6.72,76.4
7.62,78.5
2.38,44.4
7.28,82.8
3.68,58.0
6.32,75.2
6.34,77.7
5.36,64.9
0.9,39.3
8.35,82.7
3.21,52.5
1.87,41.5
0.41,33.1
5.91,71.4
6.78,70.0
0.17,41.5
5.12,58.3
2.26,38.7
6.45,77.7
1.74,45.3
6.91,78.0
3.87,58.3
9.37,90.8
1.38,34.5
3.41,52.5
1.13,34.0
9.25,95.0
8.77,86.3
2.58,42.6
6.6,71.3
8.17,85.2
5.55,63.3
5.3,60.3
2.42,46.9
0.93,37.3
8.97,85.8
9.0,86.2
6.33,72.3
3.39,44.8
3.49,45.7
7.26,73.6
8.97,87.2
8.87,89.2
7.8,88.1
